"Qty";"Value";"Device";"Package";"Parts";"Description";"MF";"MPN";"OC_CONRAD";"OC_FARNELL";"OC_METZ-CONNECT";"OC_NEWARK";"PROD_ID";"REICHELT";"VALUE";
"1";"10AT";"FPG4";"FPG4";"F10";"PL FPG4-40 :: Sicher";"SCHURTER";"3101.0040";"";"1222690";"";"";"";"PL+FPG4-40";"";
"9";"10k";"R-EU_R0603";"R0603";"R9, R10, R11, R12, R21, R22, R23, R24, R27";"RESISTOR, European s";"TE CONNECTIVITY / NEOHM";"CPF0603B10KE1";"";"1697388";"";"";"";"";"";
"9";"1N4148W";"LL4148";"MINIMELF";"V5, V6, V7, V8, V13, V14, V15, V16, V18";"VISHAY  LL4148-GS08 ";"VISHAY";"LL4148-GS08";"";"9549986";"";"";"";"";"";
"1";"236-402";"236-402";"P-236-402";"X15";"Serie 236,  Klemmenl";"WAGO";"236-402";"";"1283526";"";"";"";"";"";
"1";"236-403";"236-403";"P-236-403";"X14";"Serie 236,  Klemmenl";"WAGO";"236-403";"";"1283527";"";"";"";"";"";
"9";"270R";"R-EU_M0805";"M0805";"R1, R2, R3, R4, R13, R14, R15, R16, R25";"RESISTOR, European s";"MULTICOMP";"MC01W08055270R";"";"9334254";"";"";"";"";"";
"9";"2k2";"R-EU_R0603";"R0603";"R5, R6, R7, R8, R17, R18, R19, R20, R26";"RESISTOR, European s";"MULTICOMP";"MC0063W060352K2";"";"9331913";"";"";"";"";"";
"10";"3,15AT";"FPG4";"FPG4";"F1, F2, F3, F4, F5, F6, F7, F8, F9, F13";"PL FPG4-40 :: Sicher";"SCHURTER";"3101.0040";"";"1222690";"";"";"";"PL+FPG4-40";"";
"1";"6,3AT";"FPG4";"FPG4";"F12";"PL FPG4-40 :: Sicher";"SCHURTER";"3101.0040";"";"1222690";"";"";"";"PL+FPG4-40";"";
"9";"BAR43SOT233";"BAR43SOT233";"SOT23";"V1, V2, V3, V4, V9, V10, V11, V12, V17";"FAIRCHILD SEMICONDUC";"FAIRCHILD SEMICONDUCTOR";"BAR43";"";"2453275";"";"";"";"";"";
"9";"BC846BLT1SMD";"BC846BLT1SMD";"SOT23";"Q1, Q2, Q3, Q4, Q5, Q6, Q7, Q8, Q9";"NPN Transistor";"NXP";"BC846,215";"";"1081227";"";"";"";"";"";
"4";"MOUNT-PAD-ROUND3.3";"MOUNT-PAD-ROUND3.3";"3,3-PAD";"H1, H2, H3, H4";"MOUNTING PAD, round";"";"";"";"unknown";"";"";"";"";"";
"9";"RY612012";"RY612012";"RY-II";"K1, K2, K3, K4, K5, K6, K7, K8, K9";"Miniature Power PCB ";"TE CONNECTIVITY / SCHRACK";"V23061B1005A301";"";"1023958";"";"96B4867";"";"";"";
"1";"SPRINGCON_AST125_3X2";"SPRINGCON_AST125_3X2";"SPRINGCON_AST125_3X2";"X10";"";"";"";"";"unknown";"AST1256";"";"";"";"";
"1";"SPRINGCON_AST125_4X2";"SPRINGCON_AST125_4X2";"SPRINGCON_AST125_4X2";"X12";"";"";"";"";"unknown";"";"";"";"";"";
"1";"SPRINGCON_AST125_4X2";"SPRINGCON_AST125_4X2";"SPRINGCON_AST125_4X2";"X11";"";"";"";"";"unknown";"AST1258";"";"";"";"";
"10";"SPRINGCON_AST125_5X2";"SPRINGCON_AST125_5X2";"SPRINGCON_AST125_5X2";"X1, X2, X3, X4, X5, X6, X7, X8, X9, X13";"";"";"";"";"unknown";"AST12510";"";"";"";"";
"1";"Stiftleiste 2x10 pol";"PINHD-2X10";"2X10";"JP1";"PIN HEADER";"";"";"739630 - 62";"unknown";"";"";"";"";"";
"9";"TL39PO";"TL39PO";"TL3XPO";"S1, S2, S3, S4, S5, S6, S7, S8, S9";"TINY SWITCH ON OFF O";"TE CONNECTIVITY / ALCOSWITCH";"A103SYCQ04";"";"1818222";"";"";"";"";"";
"9";"YELLOW";"LED-YELLOWLARGE";"LED-1206";"D1, D2, D3, D4, D5, D6, D7, D8, D9";"Yellow SMD LEDs";"KINGBRIGHT";"KP-3216SYC";"";"8529990";"";"";"DIO-00820";"";"YELLOW";
